hashtags,text,user
[],RT @AbdulMahmud01: Where's that Kwara farmer? Or that farmer boy from Kwara? Can't recall his handle. One of the Great Oracle's ardent foll‚Ä¶,folu_adey
[],"RT @ipoke__em: I've been in Ghana for 10years....
I completed both SHS and University here in GHANA and I'm now working in a Good company w‚Ä¶",papa__kofi
"['CX', 'employees', 'AI']","Oracle: Need solutions to deliver a wining #CX? Do you have enough #employees to throw at the issue? If not, #AI-po‚Ä¶ https://t.co/uyZHhCiXMx",katmooracle
[],"RT @rhiannonthropp: i want to practice with my new deck + get my mind off some stuff... 

so let‚Äôs do some oracle card reading‚ú® 

(plz read‚Ä¶",bookingwayreads
[],"RT @DonaldOJDK: @karianna @brunoborges @shipilev @speakjava @AndrewHaley13 @RedHat @awscloud @SAP @adoptopenjdk While backporting is work,‚Ä¶",Sharat_Chander
[],RT @AbdulMahmud01: Where's that Kwara farmer? Or that farmer boy from Kwara? Can't recall his handle. One of the Great Oracle's ardent foll‚Ä¶,DeeDivar
[],JOB: Portland OR USA - Administrative Assistant / Executive Assistant / Secretary / Oracle - The Executiv: The Exec‚Ä¶ https://t.co/otPvgBLoRU,JobsVancouverWA
"['microsoft', 'oracle']",@Microsoft and @Oracle to interconnect Microsoft Azure and Oracle Cloud #microsoft #oracle https://t.co/s0BYuy0coQ,SubInsider
[],@sweetmomohunni Yesssss oracle,ASAPJAEHWAN
[],Oracle's Steve Miranda on SaaS progress - 'We're comfortable' https://t.co/hSn0AWsx66 https://t.co/AKtI5cqXD1,softwarelawyer
[],"RT @ipoke__em: I've been in Ghana for 10years....
I completed both SHS and University here in GHANA and I'm now working in a Good company w‚Ä¶",Ayee_itsTray
[],"@AbdulMahmud01 The great oracle!  The great Oracle!  The great Oracle. 

Just hailing  you o. No words from above today???",SeyreefHassan
[],Denver CO USA - Oracle Database Administrator - Oracle Database Administrator at Businessolver View : Oracle Databa‚Ä¶ https://t.co/6oWTozgU3Z,ArvadaCOJobs
['cloud'],"Trust us, we know switching over to the #cloud is no small decision. Join our webinar at next month on 7/25 to disc‚Ä¶ https://t.co/q5XkjusJGm",AppsAssociates
[],Oracle's Cloud Business Momentum Makes Us Revise Our Fair Value Estimate¬†Upward https://t.co/7LkXa21Wn3,bankinformer
[],RT @JohnWings: AOT and JIT. Andrew Dinn nailed it. https://t.co/dyZ4ID08so,Ciberon
[],"Okay so I'll be doing donation based mini Oracle readings just because I love this Oracle deck so much, 3 cards.
He‚Ä¶ https://t.co/uazcLnHv9H",taisoleil
[],"RT @ipoke__em: I've been in Ghana for 10years....
I completed both SHS and University here in GHANA and I'm now working in a Good company w‚Ä¶",Nanayawchills
"['hiring', 'it']","GTN Technical Staffing is #hiring a Java Test Engineer / Oracle in Overland Park, Johnson County - #it-jobs‚Ä¶ https://t.co/ANsDsKqxdM",joblify_app
[],"RT @ipoke__em: I've been in Ghana for 10years....
I completed both SHS and University here in GHANA and I'm now working in a Good company w‚Ä¶",yooO_tAlk
['cloud'],"Trust us, we know switching over to the #cloud is no small decision. Join our webinar at next month on 7/25 to disc‚Ä¶ https://t.co/TSlAzqx8VV",AppsAssociates
[],"Okay so I'll be doing donation based mini Oracle readings just because I love this Oracle deck so much, 3 cards.
Em‚Ä¶ https://t.co/xEXjnJXzOX",taisoleil
[],"RT @ipoke__em: I've been in Ghana for 10years....
I completed both SHS and University here in GHANA and I'm now working in a Good company w‚Ä¶",CwequKeys
[],@urbansimian @mrwhite90864194 @RickySi16087724 @aleeyun_nvaazun @mick719 @St_Patriot_1994 @instinctnaturel‚Ä¶ https://t.co/epArcB2UOe,SlimJimJohn1
['cloud'],"Trust us, we know switching over to the #cloud is no small decision. Join our webinar at next month on 7/25 to disc‚Ä¶ https://t.co/JaJ12H9XAb",AppsAssociates
[],@wednesdayy666 Hello there I‚Äôm oracle and currently Youtubing etc,TheSpookLord
[],"RT @ipoke__em: I've been in Ghana for 10years....
I completed both SHS and University here in GHANA and I'm now working in a Good company w‚Ä¶",NiiKwameDennis
"['cloud', 'Oracle']",For #cloud DBAs and cloud Fleet Managers life just got a whole lot easier! Here's how to use #Oracle Management Clo‚Ä¶ https://t.co/KsiKLnMKQw,pkm0518
[],"RT @ipoke__em: I've been in Ghana for 10years....
I completed both SHS and University here in GHANA and I'm now working in a Good company w‚Ä¶",naashiorkor
[],"RT @ipoke__em: I've been in Ghana for 10years....
I completed both SHS and University here in GHANA and I'm now working in a Good company w‚Ä¶",Roynake
[],T-there is no divine oracle in the Dark Sun God's scripture about going shopping in the mortal plane...,HolyDarkGod
['cloud'],"RT @AppsAssociates: Trust us, we know switching over to the #cloud is no small decision. Join our webinar at next month on 7/25 to discuss‚Ä¶",KaiGlittenberg
[],I will pull an oracle/angel card for the summer solstice for the 1st 10 people only who reply. üåûIn the mood to do readings. üòá üå†üíú,RoseRising
[],"Oracle üîÆ
https://t.co/Cs4iG2LZnL",taisoleil
[],@JunkariJeon Oracle Skylar [OPEN],koreansonujk
[],"@thehighmother I cannot believe that, you know you have to consult the oracle 2 days before.",JustDebola
[],RT @HatfieldAnne: You can be a famous irritant. The Oracle of Delphi for example.,tsm560
['PrideMonth'],"RT @Oracle: In honor of #PrideMonth, we‚Äôre celebrating at Oracle HQ today! We‚Äôre proud of our diverse and inclusive workforce. #NewProfileP‚Ä¶",ktclayman
[],"RT @ipoke__em: I've been in Ghana for 10years....
I completed both SHS and University here in GHANA and I'm now working in a Good company w‚Ä¶",PRettY_EwE_LaDy
[],@KevinEwert1 @toryboypierce @MarkFieldUK And you know this because you are the Oracle at Delphi.,Clip751
[],Oracle‚Äôs Cloud Business Momentum Makes Us Revise Our Fair Value Estimate¬†Upward https://t.co/op9A5PWX1u https://t.co/c04yUZLZ91,retailconcept
[],"RT @ipoke__em: I've been in Ghana for 10years....
I completed both SHS and University here in GHANA and I'm now working in a Good company w‚Ä¶",jtwelve__
['SanJuan'],"Oracle is hiring in #SanJuan, San Juan! Read about our latest job opening via the link in our bio: Sr. Business Intelligence (BI) Enginee",tmj_ptr_jobs
[],RT @AbdulMahmud01: Where's that Kwara farmer? Or that farmer boy from Kwara? Can't recall his handle. One of the Great Oracle's ardent foll‚Ä¶,CHINAEZURUM
[],RT @DragonflyJonez: Mans let Fred Vanvleet outscore him in the last game ever at Oracle.,gotnochill
[],"RT @ipoke__em: I've been in Ghana for 10years....
I completed both SHS and University here in GHANA and I'm now working in a Good company w‚Ä¶",KuukuaRND
[],"RT @ipoke__em: I've been in Ghana for 10years....
I completed both SHS and University here in GHANA and I'm now working in a Good company w‚Ä¶",cockmann1
[],"RT @ipoke__em: I've been in Ghana for 10years....
I completed both SHS and University here in GHANA and I'm now working in a Good company w‚Ä¶",Palm_sail
[],RT @kcnaija: I lived in Ghana for two years. Ghanaians don‚Äôt like Nigerians. Only tolerate us. I did Oracle Certification in Ghana and scor‚Ä¶,Teflon_Jhon
[],"RT @ipoke__em: I've been in Ghana for 10years....
I completed both SHS and University here in GHANA and I'm now working in a Good company w‚Ä¶",miss__hooper
[],"RT @ipoke__em: I've been in Ghana for 10years....
I completed both SHS and University here in GHANA and I'm now working in a Good company w‚Ä¶",NhaanaAntwiwaa
[],Oracle of the Week : The Oak https://t.co/33Jnxi8rOA,Priestess_Tarot
[],@StormFeverHS Oracle got hall of famed because it limited future design space of card draw effects they wanted to make,CrazyOldJay
"['KubeCon', 'CloudNativeCon']","RT @honglinsu: Look forward to meeting with you in Shanghai, June 24-26, 2019 #KubeCon #CloudNativeCon https://t.co/ruXtv0ztTH https://t.co‚Ä¶",bobquillin
[],"RT @ipoke__em: I've been in Ghana for 10years....
I completed both SHS and University here in GHANA and I'm now working in a Good company w‚Ä¶",Debbie_xix
[],RT @SlimJimJohn1: @urbansimian @mrwhite90864194 @RickySi16087724 @aleeyun_nvaazun @mick719 @St_Patriot_1994 @instinctnaturel @GhostOfTick @‚Ä¶,RickySi16087724
[],"RT @ipoke__em: I've been in Ghana for 10years....
I completed both SHS and University here in GHANA and I'm now working in a Good company w‚Ä¶",princehenry_
[],"RT @ipoke__em: I've been in Ghana for 10years....
I completed both SHS and University here in GHANA and I'm now working in a Good company w‚Ä¶",Man_like_Mufasa
[],"@AbdulMahmud01 The Great Oracle,  How is distinguished @AMADICHIMA doing, hope his health is improving.",_ojb_
[],"RT @ipoke__em: I've been in Ghana for 10years....
I completed both SHS and University here in GHANA and I'm now working in a Good company w‚Ä¶",Teflon_Jhon
[],RT @Alontrusgroup: Alontrus Group Launches Multi-Protocol Blockchain Consulting Firm to Enable the Enterprise Blockchain Adoption https://t‚Ä¶,nup77JxCepzA7jI
"['Columbus', 'ITJobs', 'Columbus', 'ITJobs']","Oracle Fusion Middleware #Columbus, Indiana #ITJobs #Columbus, Indiana #ITJobs https://t.co/9sxVmGJAOb",ITJob_IN
[],@Farmexecutive Ahmed,olatundekazeem
['PrideMonth'],"RT @Oracle: In honor of #PrideMonth, we‚Äôre celebrating at Oracle HQ today! We‚Äôre proud of our diverse and inclusive workforce. #NewProfileP‚Ä¶",jimmyduranluna
[],RT @AbdulMahmud01: Where's that Kwara farmer? Or that farmer boy from Kwara? Can't recall his handle. One of the Great Oracle's ardent foll‚Ä¶,olatundekazeem
[],"RT @juliedillon: ü¶âTimed Edition Print Release!ü¶â

Fine art giclee prints of my acrylic painting ""Owl Oracle"" are available in a limited run‚Ä¶",bach_tigh
[],"Salesforce, Adobe, Oracle Make CDP Waves, Acquia Updates Lift, More News https://t.co/zPviHihDPQ",fugoji
[],"RT @NBAonTNT: Win or lose, this @warriors squad made history at Oracle! üôå https://t.co/ihBuspOn6a",tifeprecious1
"['SanJuan', 'Marketing']","See our latest #SanJuan, San Juan #Marketing job opportunity and click the link in our bio to apply: Oracle Marketi‚Ä¶ https://t.co/pNkTzkXCK6",tmj_ptr_mktg
[],"New Article! Overview of Oracle Accounting Hub Cloud Rapid Implementation Approach
https://t.co/XG5hmKN1R9 https://t.co/XbsyXNbo8k",D_OracleProdigy
[],so i wanted a personal use one and then an oracle deck just bc that would interesting to incorporate into my readin‚Ä¶ https://t.co/qR0qLcMbL9,towertarot
[],MongoDB CEO explains why the company has an edge over Oracle in database https://t.co/6GCOFnpcpx via @YouTube,cottonwood100
[],RT @fnimphiu: TechExchange: How to Use Webviews to Integrate Calls to Remote Web Applications in Oracle Digital Ass‚Ä¶ ‚Äì https://t.co/uT6ited‚Ä¶,wlscommunity
[],"No word here, my friend  https://t.co/tAYvZwsh87",AbdulMahmud01
[],"RT @ipoke__em: I've been in Ghana for 10years....
I completed both SHS and University here in GHANA and I'm now working in a Good company w‚Ä¶",Mal_pee
"['OracleWebLogic', 'Docker', 'oracleace', 'wlscommunity', 'Oracle']",RT @DirkNachbar: Oracle WebLogic Image Tool https://t.co/1MFL9BjOgB #OracleWebLogic #Docker #oracleace #wlscommunity #Oracle,wlscommunity
[],"My dear, beloved, angel-like little sister has sent this oracle. Just the usual fuck'n grand order, you know!",elmelloiiibot
[],"//Oracle is badass and can do it with half her body.

Whoop your ass that is!",FastestTease
[],@RiotStrrrrip I use golden oracle app to learn and interrupt,intrusivetots
[],RT @triniricanbruja: @zoproquo Tarot/oracle reader also selling cleansing sprays and more products coming soon üíú,celesitial
[],"RT @ipoke__em: I've been in Ghana for 10years....
I completed both SHS and University here in GHANA and I'm now working in a Good company w‚Ä¶",__abui
[],"RT @ipoke__em: I've been in Ghana for 10years....
I completed both SHS and University here in GHANA and I'm now working in a Good company w‚Ä¶",PrincessRama__
[],"@StreamSpinner - The Arrangement - Oracle is now playing on MPG Radios.. 
Century A Music Archive -‚Ä¶ https://t.co/MjKKh8D8yS",StreamSpinner
[],RT @olatundekazeem: @Farmexecutive Ahmed https://t.co/kvdExREifv,AbdulMahmud01
[],"RT @_ojb_: @AbdulMahmud01 The Great Oracle,  How is distinguished @AMADICHIMA doing, hope his health is improving.",AbdulMahmud01
[],"RT @ipoke__em: I've been in Ghana for 10years....
I completed both SHS and University here in GHANA and I'm now working in a Good company w‚Ä¶",sikanii_bi_yere
[],"RT @ipoke__em: I've been in Ghana for 10years....
I completed both SHS and University here in GHANA and I'm now working in a Good company w‚Ä¶",kwadwo_musiqkid
[],"RT @business: Three women at Oracle will try to persuade a judge to give their pay discrimination case class-action status, after similar a‚Ä¶",sergiopena1122
[],RT @pokateo_: @ClaytonTLamb @Entemnein Highly recommend downloading Color Oracle and using it often! It's a resource graphic designers of a‚Ä¶,carridwen
['100DaysOfCode'],"RT @elizg_: R2D20 #100DaysOfCode 
Completing the Oracle SQL Udemy course üëçüëç",theketan2
[],Hello selling one M&amp;G (meet and greet) ticket for Khalid in Oakland at the Oracle on June 28th üò¥üò¥ dm me,JeralynPalacios
[],"RT @ipoke__em: I've been in Ghana for 10years....
I completed both SHS and University here in GHANA and I'm now working in a Good company w‚Ä¶",NanaSasu_
[],"Top Analyst Reports for ExxonMobil, Oracle &amp; ADP https://t.co/sFyKCjrRXE https://t.co/4RzxMOBKFS",ASOIideas
[],@EmpManPaul @SheRa_Marley @FunSoph Politics has wearied me. I‚Äôd like to consult Kulka as an oracle. Or ask her to viva my next PhD.,kate_hammer
[],"@mpgradio - The Arrangement - Oracle is now playing on MPG Radios.. 
Century A Music Archive -‚Ä¶ https://t.co/tavNDtvhLJ",mpgradio
[],"RT @ipoke__em: I've been in Ghana for 10years....
I completed both SHS and University here in GHANA and I'm now working in a Good company w‚Ä¶",76erCule
[],"At Bashcon, We Believe in the Principle of Hardwork... Our Goal is to Train , Update snd Empower you on New Advance‚Ä¶ https://t.co/rGmPtyudSR",bashcomltds
[],"Kwasia 
I was born and raised in Ghana 
full Ghanaian
Have a degree 
Higher diploma 
3 certificate in specialized c‚Ä¶ https://t.co/WP53rvqi9W",_STEFAN_55
[],"@mpgradio - The Arrangement - Oracle playing on MPG Radios.. 
Century A Music Archive - https://t.co/ienoGQ4Dne 
Ne‚Ä¶ https://t.co/PPGpi8yn81",mpgradio
[],"RT @ipoke__em: I've been in Ghana for 10years....
I completed both SHS and University here in GHANA and I'm now working in a Good company w‚Ä¶",bempongkk
[],"RT @ipoke__em: I've been in Ghana for 10years....
I completed both SHS and University here in GHANA and I'm now working in a Good company w‚Ä¶",rya_anakwa
[],We're replatforming our CPQ tool from Oracle BMX and our CRM from Salesforce to the SAP Sales Cloud suite! Come to‚Ä¶ https://t.co/I9Jl15kQFG,TeamPivotree
[],The Importance of Pride: Why We Must All Show Our Colors ‚Äì https://t.co/8zhfxR2Y0H via @Oracle,kowalski_mario
[],"RT @ipoke__em: I've been in Ghana for 10years....
I completed both SHS and University here in GHANA and I'm now working in a Good company w‚Ä¶",BixbySante
[],Use your Oracle Cloud Applications data to drive business forward https://t.co/1wi7q1ew6L,GrahamESpicer
[],"I'm excited to attend Accelerating Your Cloud Native DevOps with Oracle Linux and VirtualBox ‚Äì Honglin Su, Oracle a‚Ä¶ https://t.co/A7iyDp1LbP",bobquillin
[],"Deep Sentence &amp; Anal Oracle: @drewdixxxon and Costas by ClubInfernoDungeon

Use promocode SAMMYSAVE50 for 50%OFF‚Ä¶ https://t.co/TbhTQupdJd",SammmyButler
[],If you have any problem just go back to your country where things are ‚Äúbetter‚Äù. This one dier it‚Äôs not a fight ü§óüòò,PrincessRama__
[],"One of the boys songs. Faves on the album...
Dog East West 
‚ù§Ô∏èüíïüòòNo Favorsüíï‚ù§Ô∏èüòò
Words from an Eighteen Year Old Oracl‚Ä¶ https://t.co/lLCl7StC4H",Melissa_Foster
[],RT @pokateo_: @ClaytonTLamb @Entemnein Highly recommend downloading Color Oracle and using it often! It's a resource graphic designers of a‚Ä¶,afitnag
[],"In case you missed it, he's completely lost his Oracle and this proves it!!!",gato918
[],"Deep Sentence &amp; Anal Oracle: @drewdixxxon and Costas by ClubInfernoDungeon (Part 2)

Use promocode SAMMYSAVE50 for‚Ä¶ https://t.co/N1pFgn5Ana",SammmyButler
[],"RT @ipoke__em: I've been in Ghana for 10years....
I completed both SHS and University here in GHANA and I'm now working in a Good company w‚Ä¶",Akorfa_lar
[],"RT @business: Three women at Oracle will try to persuade a judge to give their pay discrimination case class-action status, after similar a‚Ä¶",MayAlNassay
[],"RT @ipoke__em: I've been in Ghana for 10years....
I completed both SHS and University here in GHANA and I'm now working in a Good company w‚Ä¶",FantiKid
[],"RT @ipoke__em: I've been in Ghana for 10years....
I completed both SHS and University here in GHANA and I'm now working in a Good company w‚Ä¶",kento233
[],"RT @ipoke__em: I've been in Ghana for 10years....
I completed both SHS and University here in GHANA and I'm now working in a Good company w‚Ä¶",thatJaneAusten
[],"RT @ipoke__em: I've been in Ghana for 10years....
I completed both SHS and University here in GHANA and I'm now working in a Good company w‚Ä¶",eugyfiadoyor
[],@ofbeasting Taking a pilgrimage to the Great Serpent Mound on SUN day.  Some DMT may be in order.  Need to re-estab‚Ä¶ https://t.co/RBWgsXvKot,the_IZA_
[],"RT @ipoke__em: I've been in Ghana for 10years....
I completed both SHS and University here in GHANA and I'm now working in a Good company w‚Ä¶",Max_blakk2
[],"@mercychoir The sooner you accept me as The Oracle, the less complicated your life will become...",ksbourgault
[],"@glitchyoracle ""I love you too, my little Oracle~.""",JodanTrickster
[],"RT @ipoke__em: I've been in Ghana for 10years....
I completed both SHS and University here in GHANA and I'm now working in a Good company w‚Ä¶",flipmode555
"['astrology', 'taurus']",The latest The Daily Divination Oracle! https://t.co/J2n53jEeOi #astrology #taurus,DailyDivination
[],RT @kcnaija: I lived in Ghana for two years. Ghanaians don‚Äôt like Nigerians. Only tolerate us. I did Oracle Certification in Ghana and scor‚Ä¶,_A_kay_
[],"RT @ipoke__em: I've been in Ghana for 10years....
I completed both SHS and University here in GHANA and I'm now working in a Good company w‚Ä¶",_A_kay_
[],"RT @ipoke__em: I've been in Ghana for 10years....
I completed both SHS and University here in GHANA and I'm now working in a Good company w‚Ä¶",iam_oduraa
[],San Francisco turns red again this year for Oracle OpenWorld 2019. Explore what Oracle Linux and virtualization exp‚Ä¶ https://t.co/usntNrnlS8,MannyKorkodilos
[],For COPD and emphysema medical treatment https://t.co/VFjq0D1iyJ,DebbyLepore
['SanJuan'],"We're hiring in #SanJuan, San Juan! Click the link in our bio to apply to this job and more: CX/CRM Product Manager‚Ä¶ https://t.co/Z8LkIXxUrE",tmj_ptr_prod
['juniper'],Today's Oracle card. #juniper https://t.co/wZvgoq1qB0,PattiPangborn
[],"RT @SammmyButler: Deep Sentence &amp; Anal Oracle: @drewdixxxon and Costas by ClubInfernoDungeon

Use promocode SAMMYSAVE50 for 50%OFF
https://‚Ä¶",RDD1977
[],"RT @SammmyButler: Deep Sentence &amp; Anal Oracle: @drewdixxxon and Costas by ClubInfernoDungeon (Part 2)

Use promocode SAMMYSAVE50 for 50%OFF‚Ä¶",OSOinFFielMX
[],"RT @IaaSgeek: Launch fully automated solution templates or stacks directly from the Oracle Cloud Infrastructure Marketplace..as an example,‚Ä¶",dorihaf
[],RT @AbdulMahmud01: Where's that Kwara farmer? Or that farmer boy from Kwara? Can't recall his handle. One of the Great Oracle's ardent foll‚Ä¶,JuwllObi
[],"Pronouns: he, him, his

Trigger words: DRM, ISP, Microsoft, and Oracle",tbonanno4
[],"Nocturnes video reading series, episode 17: ""The Meta-Omniscience of the Quantum Oracle"" https://t.co/nKDoSlg9bf",cldllmr
[],"RT @ipoke__em: I've been in Ghana for 10years....
I completed both SHS and University here in GHANA and I'm now working in a Good company w‚Ä¶",Editash
"['KubeCon', 'DevOps', 'OracleLinux']","#KubeCon China hot tip next week - don't miss ""Accelerating Your Cloud Native #DevOps with #OracleLinux and Virtual‚Ä¶ https://t.co/XhqBLZIUup",bobquillin
[],RT @ExadataPM: ‚ÄúThe magic is in the integration. We own everything. We understand the database needs and can optimize everything from the c‚Ä¶,eproserp
[],"RT @ipoke__em: I've been in Ghana for 10years....
I completed both SHS and University here in GHANA and I'm now working in a Good company w‚Ä¶",iroberta_amanda
[],"RT @IainLJBrown: Artificial Intelligence in Supply Chain Market is Excepted to Reach USD 10,111 Million by 2025 | By Major Market Players N‚Ä¶",NatashaReid95
[],Oracle how do star do ....like I do üòâüòâüí´üí´,maddest_TBM
[],remember the time i had a dream about my cousin dating some guy named tyler and he was an asshole and now she's bee‚Ä¶ https://t.co/8ymgniDNqf,glitterlances
[],"Oh, but my stories have nothing on yours, sir. ""Largo the Black Lion."" One of the Six God-Generals of the Oracle Knights.",jade_txt
[],RT @java: Oracle and https://t.co/kurDcWBfcl integration - Learn how to create a Terraform module that deploys https://t.co/kurDcWBfcl Driv‚Ä¶,amansah56943952
['datacenters'],@MSCloud and @Oracle to Interconnect Microsoft Azure and Oracle Cloud https://t.co/JyjkSgqQVt #datacenters‚Ä¶ https://t.co/WEy69DAL0c,CapRateEvents
[],RT pokateo_: ClaytonTLamb Entemnein Highly recommend downloading Color Oracle and using it often! It's a resource graphic designers of a‚Ä¶,sevnghwan
['consumers'],Whisper or Shout? How Lead and Demand Generation Differ #consumers https://t.co/C10FQtdQ1C,ThreePalmsMedia
[],"We think its time to love the skin your in.

Shop beauty online now at Skin Oracle.

https://t.co/IPw3T9GSYU https://t.co/wgqmLJAnvZ",Skin_Oracle
[],"RT @campuscodi: Oracle patches another actively-exploited WebLogic zero-day.

Attacks started last week. The zero-day has received the CVE-‚Ä¶",myourml
[],Amazing morning in Austin as part of the @oracledigital BDC Kickoff! So great to meet the new faces of @Oracle. Tha‚Ä¶ https://t.co/mHspJ2EfjL,Steve_Daheb
[],"RT @ipoke__em: I've been in Ghana for 10years....
I completed both SHS and University here in GHANA and I'm now working in a Good company w‚Ä¶",NaaDei____
"['CloudPLM', 'IaaS', 'SaaS', 'CustomerSuccess', 'Oracle']","We can help give you insight within the layers Oracle has to offer.
#CloudPLM  #IaaS #SaaS #CustomerSuccess #Oracle https://t.co/IWpLe7BFvY",mazamocorp
[],"Join the CSD Activities in July in your respective Countries and Cities.
And to add as a Hetero: It's all about us,‚Ä¶ https://t.co/hxGVS27DVk",kowalski_mario
[],Are you still on Oracle EBS 11.x? Are you still deciding on using the cloud? 3RP is here to assist you in the next‚Ä¶ https://t.co/8t5EQtlW46,3rpSolutions
['STATEofMind'],"RT @BamaStateTennis: Collard of @BamaStateTennis selected for ITA Oracle Masters #STATEofMind 

üìñ: https://t.co/R5FBaat1fo https://t.co/6a2‚Ä¶",Dbandman2
"['SanJuan', 'Servicios']","Oracle is hiring in #SanJuan, San Juan! Read about our latest #Servicios b√°sicos job opening via the link in our bi‚Ä¶ https://t.co/MPy9T7tL0A",tmj_ptr_util
[],"We're excited to announce that Team @OracleRMS has raised $17,285.00 for @autismspeaksCAN! Thank you to everyone fo‚Ä¶ https://t.co/U6FgZ3pcOM",OracleRMS
[],Cendien will be at Inforum in New Orleans from September 23rd - 26th. We hope to see you there!‚Ä¶ https://t.co/g0yyajlRVG,cendien
[],"RT @ipoke__em: I've been in Ghana for 10years....
I completed both SHS and University here in GHANA and I'm now working in a Good company w‚Ä¶",____Sire
[],"Hrrrr..
Oracle!
I'm trying to sneak around..
But I'm dumny thicc,
And the clap of my asscheeks keeps alerting the shadows..!",ShujinVigilante
[],"RT @_STEFAN_55: Kwasia 
I was born and raised in Ghana 
full Ghanaian
Have a degree 
Higher diploma 
3 certificate in specialized courses‚Ä¶",damnyourafiki
[],"RT @ipoke__em: I've been in Ghana for 10years....
I completed both SHS and University here in GHANA and I'm now working in a Good company w‚Ä¶",StackGun
[],"As the oracle shared its gift, its fame spread  so that many could find relief. https://t.co/gz0bni9Kz3 https://t.co/pbqaZ7cJI8",PamelaHorter
[],"CoStar has a strong track record of successful integrations, including delivery and support of more than 500 enterp‚Ä¶ https://t.co/qG1W3HzEQG",CoStarManager
"['oracles', 'SmartContracts']",RT @SvanSeeventer: Next week..Oracle and Chainlink CloudEXPO 2019 June 25 $LINK #oracles #SmartContracts @chainlink @oracle https://t.co/9v‚Ä¶,duck_butler
[],"Selling 7/10 GOT7 world tour keep spinning Oakland Oracle Arena VIP Gold ticket
Section A Row 11 $200
will call tm‚Ä¶ https://t.co/cllAY2aFkD",sellbuyacc
[],"RT @juliedillon: ü¶âTimed Edition Print Release!ü¶â

Fine art giclee prints of my acrylic painting ""Owl Oracle"" are available in a limited run‚Ä¶",gostowl
[],"Dark Fortress Radio: Now Playing Irkallian Oracle - Elemental Crucifixion
TuneIn Player @ https://t.co/RHuppvIO9u",darkfortressrad
[],"crystals are citrine, rose quartz, and carnelian; wren is from the druid animal oracle; lavender candle; and then I‚Ä¶ https://t.co/NEGn7bfNZ3",selchies
[],"RT @ipoke__em: I've been in Ghana for 10years....
I completed both SHS and University here in GHANA and I'm now working in a Good company w‚Ä¶",myjenz
[],ask me CC questions or I'll tell Scottie how many seeds there are in Oracle of Seasons https://t.co/j4MqwFosq4,JamesSpook_
[],"If anyone is interested in tarot, animal oracle, or spirit animal guide card readings, feel free to get in touch with me!",Huskyryuutarou
[],"RT @ipoke__em: I've been in Ghana for 10years....
I completed both SHS and University here in GHANA and I'm now working in a Good company w‚Ä¶",Ekuorba
[],They told you this? Or you‚Äôre just being dense?,AtoBerdy
[],@SoberedByBricks No exceptions. Except for @inkbunny @furaffinity @derpibooru @e621net @infinitechan @AMD @Oracle‚Ä¶ https://t.co/mkMgqymWKh,bestfilly
[],Oracle of divine mysteries..,ajnaabiii
[],"RT @DrQuantumMind: I-Ching Turtle Oracle https://t.co/Vpz52mxYRe (64 possible phrases) says ""You are are in good stead at home and in publi‚Ä¶",DrQuantumMind
[],I feel like doing a bunch of Draw 3's from my Oracle Deck. Comment if you want one! I'll comment closed when I feel like I'm running out.,warren_witch
['benebellwen'],"My own Oracle based on the moon blocks, thanks #benebellwen https://t.co/RU9gkUuy6p",GAAS08
[],The Oracle predicts a new smoke free you.,stayquitbot
[],When you came to the Oracle and knew that there is no spoon. https://t.co/nKIbkq2zcc,kuksenk0
[],RT @SageGoddesss: It‚Äôs like Ghanaians must have forgotten where ‚Äú Ghana must Go‚Äù originated from. Smh Ghanaians tolerate everybody and anyb‚Ä¶,rya_anakwa
[],@JNJInnovation @Microsoft @pepsi @Apple @generalelectric @Cisco @Qualcomm @Amgen @Oracle @CocaCola @GileadSciences‚Ä¶ https://t.co/LHP6VW14wo,OliverioDan
[],"RT @ipoke__em: I've been in Ghana for 10years....
I completed both SHS and University here in GHANA and I'm now working in a Good company w‚Ä¶",margaret_ananea
[],"RT @ipoke__em: I've been in Ghana for 10years....
I completed both SHS and University here in GHANA and I'm now working in a Good company w‚Ä¶",kobbywabbs
['renewJQ'],"Watch this video before you #renewJQ: https://t.co/2N2205GuzB
Rilk did, so he didn't need to ask the Oracle what she put in these.",Gullischlumpf
"['AI', 'CustomerService']","Bring in #AI to Step Up Your Customer Service.
 https://t.co/aqCVhnJsYj 
Via Oracle
#CustomerService‚Ä¶ https://t.co/nODxYrY04s",EdgewareGlobal
[],"@pxwhittle Maybe she thought you were an oracle, a being with special powers, so when you stopped and fixed your ga‚Ä¶ https://t.co/tBG8H3Emqp",KelleyBouchard
[],"RT @ipoke__em: I've been in Ghana for 10years....
I completed both SHS and University here in GHANA and I'm now working in a Good company w‚Ä¶",paakofi_
[],"RT @_STEFAN_55: Kwasia 
I was born and raised in Ghana 
full Ghanaian
Have a degree 
Higher diploma 
3 certificate in specialized courses‚Ä¶",AtoBerdy
[],"RT @ipoke__em: I've been in Ghana for 10years....
I completed both SHS and University here in GHANA and I'm now working in a Good company w‚Ä¶",KeliKyei
[],"RT @ipoke__em: I've been in Ghana for 10years....
I completed both SHS and University here in GHANA and I'm now working in a Good company w‚Ä¶",Mr_Gizzo
[],"Don't be shy. Score a job like ""Technical Pre-Sales Consultant - ERP Cloud - Sales Consultant - Western USA"" at Ora‚Ä¶ https://t.co/dw6vIpGh3t",tmj_ptr_it
[],"MC‚Äôs Guidebook: Tarot &amp; Oracle Cards - sleepywitchmc: Tarot and Oracle, some say they are pretty much the same thin‚Ä¶ https://t.co/l4EhEhOEb7",UrbanSpellcraft
[],"Happy Summer Solstice, Kids! Time for the biannual battle between the Celtic Oak King and the Holly King to rule ov‚Ä¶ https://t.co/knNtQSFd8b",maxinemiller999
[],RT @Thicc_Pheromosa: @OverseerOracle Pheromosa is doing terribly as she grows impatient with the lack of brutal cunt stretching sex that is‚Ä¶,OverseerOracle
[],"RT @_STEFAN_55: Kwasia 
I was born and raised in Ghana 
full Ghanaian
Have a degree 
Higher diploma 
3 certificate in specialized courses‚Ä¶",Opare_jnr
[],"RT @ipoke__em: I've been in Ghana for 10years....
I completed both SHS and University here in GHANA and I'm now working in a Good company w‚Ä¶",anamano___
['PrideMonth'],"RT @Oracle: In honor of #PrideMonth, we‚Äôre celebrating at Oracle HQ today! We‚Äôre proud of our diverse and inclusive workforce. #NewProfileP‚Ä¶",ArineeRahman
[],"RT @ipoke__em: I've been in Ghana for 10years....
I completed both SHS and University here in GHANA and I'm now working in a Good company w‚Ä¶",VinKyenkyehene
[],"RT @ipoke__em: I've been in Ghana for 10years....
I completed both SHS and University here in GHANA and I'm now working in a Good company w‚Ä¶",Haameedah
[],You don‚Äôt know what God has done for you...mine I have to pray and consult the oracle before I get it...so if I‚Äôm n‚Ä¶ https://t.co/NSdNkOgyS9,iambweazy
[],@TheLovelyWiccan The release of my oracle. Going to happen in september and I am superexcited! I feel I am finally blooming.,CoinsRaven
[],"RT @_STEFAN_55: Kwasia 
I was born and raised in Ghana 
full Ghanaian
Have a degree 
Higher diploma 
3 certificate in specialized courses‚Ä¶",papa_kwadwo
[],@lexstreams I won‚Äôt ever understand why people treat the leader of any community like they‚Äôre the oracle with the s‚Ä¶ https://t.co/dVeZL1EEVR,SF1034
[],@Thicc_Pheromosa Whenever Oracle's darling Pheromosa is back for certain and in the mood to destroy somebody's womb‚Ä¶ https://t.co/w05ANjBDy5,OverseerOracle
[],RT @java: Oracle and https://t.co/kurDcWBfcl integration - Learn how to create a Terraform module that deploys https://t.co/kurDcWBfcl Driv‚Ä¶,franklin23mb
[],"Salesforce adds a CDP, Oracle ponders them and Adobe finds it has one - https://t.co/oJbDnTQLO4",audiliciousiart
[],"RT @ipoke__em: I've been in Ghana for 10years....
I completed both SHS and University here in GHANA and I'm now working in a Good company w‚Ä¶",segunafc
[],RT @CoinsRaven: @TheLovelyWiccan The release of my oracle. Going to happen in september and I am superexcited! I feel I am finally blooming.,TheLovelyWiccan
[],"""Apicius Redivivus; or, the Cook's Oracle,"" by William Kitchiner, London, 1817, devotes 7 pages to recipes for diff‚Ä¶ https://t.co/AUaAd9ApUi",djnemec
[],"RT @_STEFAN_55: Kwasia 
I was born and raised in Ghana 
full Ghanaian
Have a degree 
Higher diploma 
3 certificate in specialized courses‚Ä¶",ha_k_eem
[],"RT @pyn3rd: Weblogic XMLDecoder RCE
start from CVE-2017-3506, end at CVE-2019-2729. We drive Oracle crazy ,finally they utilize WHITELIST t‚Ä¶",drDeveshRawat
[],"Good for you, John // Acumatica acquired by global private equity firm in bid to take on Oracle, Microsoft and othe‚Ä¶ https://t.co/781ILs5EeU",hops
[],"RT @ipoke__em: I've been in Ghana for 10years....
I completed both SHS and University here in GHANA and I'm now working in a Good company w‚Ä¶",_bannorDavid
[],You are very stupid for this.,fadden_Gh
[],"RT @jeffwellz: I‚Äôm really sick and tired of this ‚ÄúGhanaians don‚Äôt like Nigerians‚Äù narrative. If we didn‚Äôt like you, do you think you‚Äôd be i‚Ä¶",HisQuee2
[],"Lmao- guy, not me! I once gave him a cloth for me and my dad and we got the next day! If he won‚Äôt do it, he will no‚Ä¶ https://t.co/ZP6rGRNPe0",don_kazzy
[],A condom could have prevented this tweet but here we are.,fadden_Gh
[],"RT @ipoke__em: I've been in Ghana for 10years....
I completed both SHS and University here in GHANA and I'm now working in a Good company w‚Ä¶",E_BONYOFFICIAL
[],"Want to land a job like ""Oracle Database Analyst 5"" at Wells Fargo? Applicant tracking systems look for specific ke‚Ä¶ https://t.co/gpgNhgj0Ge",tmj_phx_itdb
[],"RT @ipoke__em: I've been in Ghana for 10years....
I completed both SHS and University here in GHANA and I'm now working in a Good company w‚Ä¶",jaures_p
[],Kingsley Chukuemaka was my class mate from class 5 till we wrote BECE and there wasn't an incident where he was tre‚Ä¶ https://t.co/AvvX9xcucn,Phorson14
[],RT @JeralynPalacios: Hello selling one M&amp;G (meet and greet) ticket for Khalid in Oakland at the Oracle on June 28th üò¥üò¥ dm me,buterasmith
['TechXLR8'],"RT @implausibleblog: Great talks at #TechXLR8 @TechXLR8¬† @LDNTechWeek at @ExCeLLondon

@mrscmortimer from @IBM
@zarkadakis from @WTW_uk 
@m‚Ä¶",LondonDiem
[],"RT @ipoke__em: I've been in Ghana for 10years....
I completed both SHS and University here in GHANA and I'm now working in a Good company w‚Ä¶",TorresonPotino
['CedarFalls'],"This job is now open at Byrnes &amp; Rupkey, Inc. in #CedarFalls, Iowa. Follow us and turn on mobile alerts to hear abo‚Ä¶ https://t.co/m4ym6hjETH",tmj_IA_it
[],"WANTED: Tandem COBOL Developer
*Tandem Development 
*C\C++, Java, Oracle Golden Gate System, API
*API Development,‚Ä¶ https://t.co/q8cfOWXkOM",Your_NextJob
[],"RT @ipoke__em: I've been in Ghana for 10years....
I completed both SHS and University here in GHANA and I'm now working in a Good company w‚Ä¶",RegGyasi
[],Their marriage must have been shaky after ol girl at the oracle like two years ago üòÇüòÇ,TDDoesIt
[],RT @JohnWings: AOT and JIT. Andrew Dinn nailed it. https://t.co/dyZ4ID08so,niklas_hanft
"['Oracle', 'SAP']",What can you do with the money you save by switching to Spinnaker Support for your #Oracle and #SAP maintenance?,SpinnakerSupprt
[],"RT @socialstarts: On our Inception podcast: CEO @iamjaredf discusses the powerful art of interpreting empathy, the tumultuous effects of th‚Ä¶",iamjaredf
"['JoiRitualul', 'RomanianDomina', 'RomanianImperium']","RT @LunaDomina: #JoiRitualul 
Yes!
#RomanianDomina üá∑üá¥ are establishing a 3rd Roman Empire.
In Susanism it is called the #RomanianImperium‚Ä¶",whitechasteboi
[],RT @fadden_Gh: A condom could have prevented this tweet but here we are. https://t.co/XjDmeHfrKO,fadden_Gh
[],"RT @ipoke__em: I've been in Ghana for 10years....
I completed both SHS and University here in GHANA and I'm now working in a Good company w‚Ä¶",Naa_B3b3
"['Oracle', 'SAP']",RT @SpinnakerSupprt: What can you do with the money you save by switching to Spinnaker Support for your #Oracle and #SAP maintenance?,btrigg5280
"['oracledatabase', 'oraclevm']","{date} Oracle VM 3.4.3 
In recent weeks Oracle has https://t.co/48Q20SXj4U #oracledatabase #oraclevm",dborcloud
['oracledatabase'],"{date} Administering Oracle Real Application Clusters ¬†
The https://t.co/7l1uZ8wQBL #oracledatabase",dborcloud
[],"RT @DGSClassics: Hidden women of history: the priestess Pythia at the Delphic Oracle, who spoke truth to power https://t.co/vq55KvZodI via‚Ä¶",barcalloreop60
[],RT @fadden_Gh: A condom could have prevented this tweet but here we are. https://t.co/XjDmeHfrKO,herewearebot
['CEO'],"#CEO @BOT @AppleIN77966182 @SnoopDogg FILING CABINETS AGAINST MY IPHONE üì±, CORPORATE GMAIL, ENTITIES &amp; THE FAKE ORA‚Ä¶ https://t.co/ZFa3Sg5XhK",AppleIN77966182
[],"RT @ipoke__em: I've been in Ghana for 10years....
I completed both SHS and University here in GHANA and I'm now working in a Good company w‚Ä¶",mark_pomme
[],"Catch @BangkokTruck tomorrow for Dinner at 1897 Oracle Way, Reston

Deliciousness brought to you by @curbsidekitchn‚Ä¶ https://t.co/Vcf60B0jA5",curbsidekitchn
[],@SvanSeeventer @duck_butler @chainlink @Oracle Binance experts say that  all crypto markets is  bullish again .  Ma‚Ä¶ https://t.co/siKflLd2OS,sancio08
[],RT @TDDoesIt: Their marriage must have been shaky after ol girl at the oracle like two years ago üòÇüòÇ https://t.co/eGYMO1CbFc,ghostofkidcanon
[],"RT @SammmyButler: Deep Sentence &amp; Anal Oracle: @drewdixxxon and Costas by ClubInfernoDungeon

Use promocode SAMMYSAVE50 for 50%OFF
https://‚Ä¶",ElInvisible45
"['Marlboro', 'IT']","If jobs with titles like ""Oracle RPAS"" sound appealing to you, follow us to hear about these types of opportunities in #Marlboro, MA. #IT",tmj_rip_it
[],@RunADZ_ steph got outplayed by an kyle lowry and an undrafted dude who looks like drake in his last game at oracle‚Ä¶ https://t.co/xnbU6LzCcV,_JustinAlmighty
"['3rdeye', 'blackpodcast', 'fraud']","üì£ New Podcast! ""Episode 38 - Oracle of The Ether show Eye See FRAUDS"" on @Spreaker #3rdeye #blackpodcast #fraud‚Ä¶ https://t.co/FoR6cCjbCa",oracle_ether
['Glowfest'],Hanging with my boys Noel Robbinson and Jamie Thomas. #Glowfest Showtime! I thank God for every opportunity. Audrey‚Ä¶ https://t.co/UPUhFdPSES,hybridmgt
[],"Asst. Finance Manager (5 yrs exp in Finance &amp; Accounting / Oracle, SAP, ERP/ US GAAP) - Smartcruit Consultant ... - https://t.co/kFmRHcWk8i",workthailand
[],"RT @ipoke__em: I've been in Ghana for 10years....
I completed both SHS and University here in GHANA and I'm now working in a Good company w‚Ä¶",m_for_mysie
[],"üéâCongratulations, T-ROC for going live with Oracle NetSuite. https://t.co/zddrASVuga",FusionworksPR
[],"RT @ipoke__em: I've been in Ghana for 10years....
I completed both SHS and University here in GHANA and I'm now working in a Good company w‚Ä¶",ForeverYoungNip
[],"Fans are panicking like fuck (rightly so) in a very crucial period in our history, the oracle &amp; the ‚Äúaye‚Äùman appare‚Ä¶ https://t.co/5qnDHSzItC",Booth_royd
[],"RT @ipoke__em: I've been in Ghana for 10years....
I completed both SHS and University here in GHANA and I'm now working in a Good company w‚Ä¶",2wenty
[],"RT @OracleStartup: You may have noticed we have had a name change üíÅ‚Äç

More on that later. 

In the meantime check out our üÜï look website: h‚Ä¶",kenankitchen
[],"y‚Äôknow the best thing about a village pub is the names of the locals: Whispering Dave, Mad Frank, Nick the Window,‚Ä¶ https://t.co/s7d3ZM42T1",katebrinkworth
[],"RT @_PornFlakes: Services offered at https://t.co/RDUNPN2xDc

I offer tarot, oracle &amp; numerology readings to those who seek.
Here are my cu‚Ä¶",iiimack_
[],@GifZelda @1128_Liz_Thomas The Oracle titles.,MysticMania
[],Oracle Corp. (ORCL) spiked  8.18 percent yesterdaya decent  hike on volume of 54.2M  shares https://t.co/kB2LEWRy9l,myrollingstocks
[],Oracle Corp. (ORCL) spiked  8.18 percent yesterdaya decent  hike on volume of 54.2M  shares https://t.co/qMU3O2NFbm,channelingstock
[],@proofofwisdom @SatoshiFlipper The oracle conference is next week as well so that will give link a solid bump.,dbro124
[],"RT @muthurangnathan: Sales Planning &amp; Performance is a great opportunity for Customers and Partners to explore with @Oracle ! 
To learn mor‚Ä¶",muthurangnathan
[],"RT @jeffwellz: I‚Äôm really sick and tired of this ‚ÄúGhanaians don‚Äôt like Nigerians‚Äù narrative. If we didn‚Äôt like you, do you think you‚Äôd be i‚Ä¶",kelewele___
[],"RT @ipoke__em: I've been in Ghana for 10years....
I completed both SHS and University here in GHANA and I'm now working in a Good company w‚Ä¶",kelewele___
[],"RT @ipoke__em: I've been in Ghana for 10years....
I completed both SHS and University here in GHANA and I'm now working in a Good company w‚Ä¶",afua_yann
[],Can't wait to see @thegreatkhalid at Oracle in just a weeeeek! üòÅ,jennnapowelll
[],Sheriffs admit Raptors exec Masai Ujiri showed ID before Oracle Arena incident https://t.co/ssv44PNwzv,shaftythebc1
[],"RT @ipoke__em: I've been in Ghana for 10years....
I completed both SHS and University here in GHANA and I'm now working in a Good company w‚Ä¶",SPILAE
"['Oracle', 'IaaS']",#Oracle may have quietly conceded defeat in broader #IaaS market https://t.co/0MSTRxKUA5 https://t.co/GRcUy68D0n,TTintheCloud
[],CEO Dev Ittycheria says MongoDB‚Äôs revenue growth trounces that of Oracle: ‚ÄúThe trajectories of the two companies ar‚Ä¶ https://t.co/6MOauMyFMl,MadMoneyOnCNBC
[],"RT @ipoke__em: I've been in Ghana for 10years....
I completed both SHS and University here in GHANA and I'm now working in a Good company w‚Ä¶",Kosi_Frimps
[],You‚Äôre lying lmaoooooo your head wey die !!!,Nicquey
[],"TIX ON SALE NOW: the Original MISFITS Ride Again w/ special guests RANCID, THE DAMNED &amp; CRO-MAGS Wed. SEPT 11 Oakla‚Ä¶ https://t.co/6tIw0GMOdS",themisfits
[],"RT @ipoke__em: I've been in Ghana for 10years....
I completed both SHS and University here in GHANA and I'm now working in a Good company w‚Ä¶",ladygraycie
[],"RT @ipoke__em: I've been in Ghana for 10years....
I completed both SHS and University here in GHANA and I'm now working in a Good company w‚Ä¶",Awe_Some_George
[],@AbdulMahmud01 @Farmexecutive Oracle dey greet you o,adeyemi_ajiboye
['cloud2butt'],Oracle's Butt Business Momentum Makes Us Revise Our Fair Value Estimate Upward https://t.co/vL0tgr0MLY #cloud2butt,cloudplug
['cloud2butt'],Latest filings in JEDI lawsuit offer an inside look into my butt program https://t.co/21RPlEIcet #cloud2butt,cloudplug
[],Oracle Corporation Just Filed Its Annual Report: 16.EARNINGS PE... https://t.co/3WS2Hmloqt $ORCL,confcalltran
[],"RT @ipoke__em: I've been in Ghana for 10years....
I completed both SHS and University here in GHANA and I'm now working in a Good company w‚Ä¶",MrAbonambugre
['Charlotte'],"Career tip for landing jobs like ""Oracle Database Analyst 5"" in #Charlotte, NC. Go on informational interviews. The‚Ä¶ https://t.co/F5LQuvZpV9",tmj_clt_itdb
[],The latest The Planet Oracle Daily! https://t.co/H9vHAwnKHO,planetoracle
"['Homebuilders', 'SanDiego', 'CA']",Oracle Swings the Layoff Axe and Clear-cuts Teams of Engineers https://t.co/FHNN7sCndN #Homebuilders #SanDiego #CA,HCIRailings
"['pridemonth', 'inclusiveleadership']",RT @rupalshah1011: #pridemonth at @Oracle.  The best workforce is a diverse and inclusive one.  #inclusiveleadership https://t.co/8zrvm7oXCq,Oracle
['pridemonth'],Oracle: RT rupalshah1011: #pridemonth at Oracle.  The best workforce is a diverse and inclusive one.‚Ä¶ https://t.co/80Z0wGXPvG,ShayneLibby
[],Wow! The great oracle @AbdulMahmud01 just followed me. I'm grateful sir.üôèüôèüôè,kings_tech
[],"RT @ipoke__em: I've been in Ghana for 10years....
I completed both SHS and University here in GHANA and I'm now working in a Good company w‚Ä¶",Ojay_dat
"['Sysadmin', 'SRO']","We're seeking for a #Sysadmin/#SRO! Get ready for your next challenge!
‚è∞Afternoon &amp; night shifts
üíªWindows and/or Li‚Ä¶ https://t.co/59LKiZaoEL",edransIT
[],Oracle women fight for class-action status in gender pay lawsuit https://t.co/G5tJiAkiGp,latimesbiz
['pridemonth'],Oracle: RT rupalshah1011: #pridemonth at Oracle.  The best workforce is a diverse and inclusive one.‚Ä¶ https://t.co/Z2zXRxN8ym,katmooracle
[],Oracle ($39.83 billion revenue in 2018) presents Oracle blockchain and Chainlink atCloudEXPO https://t.co/s0ULoiR7Dg,Tech_Noobs
[],I was surprised to hear @Oracle execs revert to tired competitive swipes at @Workday and @SAP during the company's https://t.co/KbQIAdgpdL,bobevansIT
[],Local Programmer Finally Unravels the truth...Watch How mega corporations mess with his mind.,doxingme
[],@vanityset can you please help my identify the audio clip from Oracle at the 7:02 mintue mark? I first heard that https://t.co/QhTG03jSDP,Rebelriot2
[],I appreciate that you all think Im an oracle of knowledge on sex work instead of someone who has just been doing t https://t.co/LzkabGCXse,SourBeerBabe
[],"RT @MGPham: the family just getting bigger everyday...  ZeLu - I Ching oracle cards. Is a prude. Dolce, righterous, calm. Opposite to KanYu",dxw_936055438
[],RT @fjtorres: THE DAY HAS ARRIVED! Register now for @Oracle 's FY20 Global Partner Kickoff. Join us: June 24 at 17h00 CET &amp; hear from Oracl,LuigiCochetti
[],Not a good look for Oracle. Can they only compete with AWS/Azure in the courtroom?,hdurdle
"['KidsRobotics', 'GrowingourFuture', 'OTBC']",Not Just Participants but Future Programmers  Microsoft Oracle Academy #KidsRobotics #GrowingourFuture #OTBC https://t.co/txESla25hZ,otb_college
[],RT @Xbox: The line between friend and foe is blurred in Operation Oracle.  Play for free May 2-5: https://t.co/nQvIZNqYfr https://t.co/gmPA,XboxZA
[],@sepinwall @MarkHarrisNYC 30 Rock is the oracle for our times https://t.co/5HQ8pVRtJR,PhilSasonoff
['businessnews'],"Oracle, Noble Energy rise while Carnival, Steelcase fall https://t.co/Hsncxq1Tfz #businessnews",HedgeBz
[],"Don't be surprised that's their new venture, Nigerian politicians are pathetic, they can hire herdsmen to Kil their https://t.co/v1qIlA8xEO",Iamkelly22
[],@ArthurSchwartz Missed this - another Amazon/Oracle dirty war reference by Artie.  Smooth.,uelmendrado
[],CELEBRATING EXCELLENCE: Tech Data has been awarded 2019 Oracle EMEA Value Added Distributor for Cloud Innovation https://t.co/O2SSthLBWg,TechDataEurope
[],"RT @awscloud: Yes, you can move legacy Oracle workloads to the @awscloud securely: https://t.co/ByrkNGl9NX https://t.co/tLQUJinxnL",pfredphotos
[],"RT @Kevmunn: I'm excited for Phantasma Chain main net? 22 racing series launching on PhantasmaChain, coming to Xbox, Playstation and Steam.",SteeveJack308
[],"Administradores BBDD Oracle/SQL server at KRELL CONSULTING &amp; TRAINING (Madrid, Spain) https://t.co/7UvIRWXDp5",StackDevJobs
[],The Great Oracle,noble_somto
[],"Oracle Q4 earnings report is in, but what does it really mean? See what our analysts,  @SirRonSilicon and https://t.co/Fnwo7dkdyv",FuturumResearch
['consumers'],The Risks and Rewards of Data #consumers https://t.co/GxiKa9yL8B,ThreePalmsMedia
[],Last chance to REGISTER!! @Oracle's FY20 Global Partner Kickoff is happening in 90mins. A great opportunity for EME https://t.co/2EIp3aC9wV,sdiedericks
[],@stevenc48977003 @ArthurSchwartz The Amazon-Oracle dirty war is real.  Ask Arties BFF Cohen-Watnick.,uelmendrado
[],RT @Freeyourradio: Some great music for you to look out the window to: @tenggerland - https://t.co/UgxxqXvEvQ. @MrJKetch - https://t.co/Psa,pofbachelors
[],"@hinchman_amanda @Zhuinden @lofidewanto @Kiview @hansolo_ I know that it feels similar but ""Deprecated"" carries a n https://t.co/dxTONxEkls",SeanMiPhillips
[],"Need more from your reporting and analytics? With Oracle EPM Cloud you can create collaborative narrative reports, https://t.co/bjthLtAFzT",HyperionEPMInfo
[],RT @noble_somto: The Great Oracle https://t.co/McuWqEKAww,AbdulMahmud01
[],"Want to learn how to diagnose and address Oracle performance issues in a methodical, reliable manner, for issues im https://t.co/Khn4clCaA2",richardfoote
[],"New Oracle Exadata Builds in Machine Learning Advances, Supercharges Performance, Improves Cost Effectiveness - AiT https://t.co/Ggg9DqrvgA",AnalyticsWeek
[],Oracle Q4 Earnings Are In  But What Does It Really Mean? https://t.co/o8laIdPWJD Insights from @danielnewmanUV and https://t.co/xM2VPeeahR,ShellyKramer
[],"Need more from your reporting and analytics? With Oracle EPM Cloud you can create collaborative narrative reports, https://t.co/7Nku4FHQYN",HyperionEPMInfo
[],@BurgerVonStadt @KneesPenguin I read the original and still didnt like the way Barbaras character was totally cha https://t.co/t2vKGwvTC8,LadyDemosthenes
[],@hacks4pancakes Can anyone suck harder than Oracle? Does Adobe have a cloud too?,daveshackleford
[],"RT @MGPham: the family just getting bigger everyday...  ZeLu - I Ching oracle cards. Is a prude. Dolce, righterous, calm. Opposite to KanYu",proudyaoiaddict
[],"RT @oracleemeaps: NIED trusts Oracle Cloud to keep its data secure, so it can share information and protect people. President Haruo Hayashi",ManojMayogi
[],@thepacketrat It's well beyond Oracle's capacity to be awarded _any_ contracts in the Government anymore. They just https://t.co/1NMu7GSF0b,apporima
[],RT @finrekt: This week in @chainlink  1. @Salesforce 2. @Hyperledger @inside_r3 and @EntEthAlliance $LINK up 3. As do @Microsoft and @oracl,lashondreamz87
[],"Business Smart Administration Software Market 2019: Comprehensive study by key players: IBM ,Oracle ,SAP ,SAS ,Micr https://t.co/hDBUob33yY",IndustryToday
['Cloud'],"RT @CloudOnboard: @LarryEllison explains why he's cautiously optimistic that @OracleCloud's new #Cloud database will succeed, even though i",AirshipHoldings
[],@skykingskyking3 @CloudExpo @chainlinkmarket @Oracle @ORCLBlockchain @fribeiro1 @chainlink @OracleStartup Will be a https://t.co/kfUjqVDLs8,JimmySmalls2049
[],"RT @sladkow: About to drive by Oracle Arena, home of the NBA Champion Toronto Raptors",KingOfThe6MAP
[],"RT @hacks4pancakes: This is a depressing look into government contract bureaucracy. Oracle looking pretty petty, here. Theres no apparent",nicnacs2955
['cloud'],"Oracle CEO @MarkVHurd on our growing #cloud applications business. Per @IDCs latest market share results, Oracle g https://t.co/pOmMHB59Is",AmyWynne6
[],@HicksonMaike Hardly. https://t.co/bvd9IH6hQ7,ShaggyKC
[],We are so honored and excited to be in partnership with @GGIgreatergift to help celebrate patient volunteers and cl https://t.co/sppS3gVxxG,OracleHealthSci
['PLSQL'],@chrisrsaxon will show us how easy it is to use EBR to patch #PLSQL program units in a production app without havin https://t.co/Egv2KCc4qA,sfonplsql
[],Steph was crying injury after he got swept??,zeffcurrry
[],"To conclude, here is my team -  Martian Manhunter Jay Garrick John Constantine Starfire Oracle Nite Owl II Crazy Ja https://t.co/a5Ay8G2GJa",comicdudedc
[],"RT @beyondabat: ""It's like you Batguys want me to hold on to the past because you can't get over it. Understand I have.""  The Oracle.  An",TheUmbrakinetic
[],@skykingskyking3 @CloudExpo @chainlinkmarket @Oracle @ORCLBlockchain @fribeiro1 @chainlink @OracleStartup There's a https://t.co/ZlcJuzWwcs,JimmySmalls2049
"['Exadata', 'X8']",Not only are we celebrating the launch of @Oracles #Exadata Database Machine #X8  but we recently reached our 10 https://t.co/rpbd5mvjiu,samuelakdemir
[],RT @JimmySmalls2049: @skykingskyking3 @CloudExpo @chainlinkmarket @Oracle @ORCLBlockchain @fribeiro1 @chainlink @OracleStartup There's a st,JimmySmalls2049
[],"@bobevansIT @Oracle @Workday @SAP Brave observation. ;)  The ""wise guys"" rhetoric got old a while ago. Not sure why https://t.co/XhE4E9Liti",JoanDWinston1
[],Anybody from oppressed groups have some words of wisdom to help our twitter oracle here to get woke?,Magnus919
[],RT @ATLBlackStar: Sheriff Office Admits Toronto Raptors President Masai Ujiri Showed His ID Before Oracle Arena Incident https://t.co/SSsYA,tcharry
[],A Few Things You Should Know About What It Takes To Be a Leader https://t.co/x3vmIVnhVh,BenGreenbergNYC
['containers'],"Watch @kaslinfields, Cloud Advocate at @Oracle, explain what #containers are and how they work during her How Cont https://t.co/xxQShZX6Zq",Lee_Menzies2
"['Oracle', 'DataManagement', 'Exams', 'Dumps']",Dumpsleader is confident to offer 100% money back guarantee to pass #Oracle #DataManagement 1z0-928 #Exams #Dumps. https://t.co/o0Vq2ujU4n,examsdumps
[],"So, first the cop said Ujiri didn't show credentials to get onto the court to celebrate his Raptors' historic win. https://t.co/V8BkQdqi3t",LorneJordan
[],We are so honored and excited to be in partnership with @GGIgreatergift to help celebrate the patient volunteers an https://t.co/C2U7wM6L3l,OracleHealthSci
[],"Salesforce 2018 CRM Market Share Topped SAP, Oracle and AdobeCombined! https://t.co/eQy78HKT0k",arseotero
[],"RT @_MelissaEgan: Working to get more information about this fire off Oracle Road, near the Oro Valley Marketplace.  Viewer says it looked",robert_suchy
[],"RT @DrIsaPantami: Global workforce, 2018.  Amazon: 647,500 Oracle: 137.000 Apple: 132,000 Microsoft: 131,000 Intel: 107,400 Alphabet: 98,77",AUgirei
[],"06.22.19 Thank you, Oracle Fam!  @derichbognot @thetgueco @Ianianramil @JHAdlcrz https://t.co/q8UEzbwbfw",tseradin
[],@skykingskyking3 @CloudExpo @chainlinkmarket @Oracle @ORCLBlockchain @fribeiro1 @chainlink @OracleStartup Tomorrow,JimmySmalls2049
"['oracle', 'cloud', 'infrastructure', 'OCI', 'autonomous']",A lot on #oracle #cloud #infrastructure #OCI roadmap. Small but in the middle important enhancements of #autonomous https://t.co/Dd8JoFNVls,isedouwes
"['Oracle', 'OracleMarketingCloud', 'certification']","Dumpsleader is your ally in achieving your targeted #Oracle #OracleMarketingCloud #certification, providing you eas https://t.co/tgzWPmh1J7",examsdumps
"['Insolar', 'blockchain', 'enterprise']",#Insolar is heading to London to take part in the @BlockchainHQ along with other #blockchain and #enterprise heavyw https://t.co/UbYgwobnXH,insolario
[],RT @Bahama_Jay3: Dudes goat couldn't send it to a game 7 in front of the home crowd https://t.co/edX9PViVyw,ZabineLTS
"['employmentlaw', 'RealClearCounsel']",Women Employees at Oracle Seek Class-Action Status in Gender Pay Lawsuit #employmentlaw #RealClearCounsel https://t.co/9aekHQGN8g,SCSLawFirm
[],RT @JimmySmalls2049: @skykingskyking3 @CloudExpo @chainlinkmarket @Oracle @ORCLBlockchain @fribeiro1 @chainlink @OracleStartup There's a st,skykingskyking3
[],Do you know how bad things were at Oracle were for decades? A finals game loss isnt so bad in the grand scheme of https://t.co/c0wyFAab6v,DVSWhatItTweets
"['Insolar', 'blockchain', 'enterprise']",RT @insolario: #Insolar is heading to London to take part in the @BlockchainHQ along with other #blockchain and #enterprise heavyweights su,zangerdeus
[],"@hacks4pancakes Oracle is just not a great product. Also, their visualization tool (DVD) is so under developed and under supported.",nonesuchzach
[],Study on the make-up of billion-dollar founders featuring insights like: - Over half of founding CEOs are over 35 - https://t.co/eWh2YyiWAj,TIMIACapital
"['Insolar', 'blockchain', 'enterprise']",RT @insolario: #Insolar is heading to London to take part in the @BlockchainHQ along with other #blockchain and #enterprise heavyweights su,BarrioFinito
[],"I find this story super depressing--&gt; Images from Oracle Arena video show altercation between Masai Ujiri, sheriff https://t.co/aEb0w3ENe2",meredithmartin
[],"On page 269 of 376 of The Hidden Oracle, by Rick Riordan: I had hopes/ a goal of finishi... https://t.co/CMi5nyVe7o",HermioneTweeted
"['Oracle', 'certification']",#Oracle Infrastructure as a Service (IaaS) #certification lead you to numerous opportunities in career development https://t.co/V4gzZHiVrz,examsdumps
[],Strange and Bold new partnerships.  What To Expect From Oracle and Microsoft Cloud Partnership https://t.co/xbUPI5JQYN,GarrettCarey
"['job', 'jobs', 'hiring']",New #job: Oracle DBA  Location: Hampshire Salary: .. Market .. https://t.co/DpFo5gy1vI #jobs #hiring,SAPjobsWHR
"['Insolar', 'blockchain', 'enterprise']",RT @insolario: #Insolar is heading to London to take part in the @BlockchainHQ along with other #blockchain and #enterprise heavyweights su,udzhat
['TopInfluence'],IAM Platform Curated Tweet:  #TopInfluence  Stein Mart Boosts Omni-Channel Growth with Oracle Cloud - PRNewswire -   https://t.co/eVJ9tSwDus,InfoProNetwork
[],"RT @CloudExpo: Oracle to Present Oracle Blockchain and Chainlink June 24-26, 2019 at CloudEXPO Silicon Valley   https://t.co/3572OumCbX  @O",krypt0cc
[],"@AbdulMahmud01 @akaebube Am honoured the great Oracle. On this street, knowledge is just on a screen and a touchpad https://t.co/XVPuoPlWso",architectsunepa
[],@VitalikButerin Chainlink - Oracle interface with real world data  Augur - Crowdsourced intelligence with a relianc https://t.co/FQ0bgHXIkm,OriginalRollo
['Kscope19'],Yesterday at the #Kscope19 db symposium we spoke about expensive SQL. Today just after lunch you can take that the https://t.co/sUsNAxzfS0,connor_mc_d
[],"RT @AbdulMahmud01: See, these guys who think they've the repertoire of expletives simply forget that many here are tempered by education an",FosbryMaliq
"['Oracle', 'machinelearning', 'datascience', 'sql']",Embedding Transformation Data Pipeline into ML Model using #Oracle Data Mining #machinelearning #datascience #sql https://t.co/ciW4hP4gpG,brendantierney
[],RT @dahowlett: Oracle's Steve Miranda on SaaS progress - 'We're comfortable' https://t.co/t2YAJMVq09 - this story threw up some very intere,WhoStu
"['Cloud', 'thecloud']",RT @CloudOnboard: Oracle reports sales growth as cloud transition continues https://t.co/TSMOqIQVyw via @businesstechSA #Cloud #thecloud #c,CloudOnboard
[],Oracle 12c Installer INS-30131 Error When Installing Oracle Database or Oracle ClientSolved. https://t.co/8vSfzFwZa9,configure_linux
"['X8', 'AI']","RT @KendelErik: .@Oracle recently announced an update to its server line, the @OracleExadata Database Machine #X8 - featuring #AI and #mach",machinelearn_d
['KScope19'],Good Morning #KScope19 - we get into our detailed sessions from today....do join Marc Seewald and me to learn about https://t.co/KE4jUNu9rZ,muthurangnathan
[],The government and Amazon Web Services laid out arguments last week for why a federal court should reject a bid pro https://t.co/O8iXmvBGqf,FederalNewsNet
['PrideDay'],",@Oracle Celebrates #PrideDay with Kevin, employee and founder of the Oracle Pride Employee Network (OPEN) PNW Chap https://t.co/adZhHTP5XX",RichardCJose
[],"RT @architectsunepa: @AbdulMahmud01 @akaebube Am honoured the great Oracle. On this street, knowledge is just on a screen and a touchpad wi",AbdulMahmud01
['KScope19'],RT @muthurangnathan: Good Morning #KScope19 - we get into our detailed sessions from today....do join Marc Seewald and me to learn about Co,odtug
[],Thanks for the knowledge you shared here. Grateful,AbdulMahmud01
[],"RT @architectsunepa: @AbdulMahmud01 @akaebube Am honoured the great Oracle. On this street, knowledge is just on a screen and a touchpad wi",AbdulMahmud01
[],RT @RevVesta: Oracle of Passion now available for sale ... Digital Art looking at aspects of our life  through Passion...   https://t.co/Lp,tee_thugs
[],RT @CUIN2forreal: @VerbTech_Co Tagg Interactive Video provides 600% to 1200% better conversions than static video.  @Microsoft @SAP @GetInE,GetInEarly
"['vProtect', 'OpenStack', 'Oracle']",RT @Storware: #vProtect 3.8 Update 1 RELEASED! with support for #OpenStack and #Oracle Linux Virtualization Manager!  vProtect 3.8 NEBULA,CatalogicSW
"['Oracle', 'Cloud']",Stein Mart Boosts Omni-Channel Growth with #Oracle #Cloud https://t.co/otJ7o6p3Pr,shyamvaran
"['change', 'focus', 'yourself', 'situation', 'goodfriend']",You are looking for #change: you will want to #focus on bettering #yourself or your #situation. A #goodfriend can a https://t.co/P5630PKz7e,FreyaIngva
[],@maximusupinNYc @StatueEllisNPS @NYC @StatueEllisFdn @Oracle @SailGP @thebatterynyc @nycgo Did you arrange for the https://t.co/o3iOiL3Dp5,ChangemakerPR
"['CyberSecurity', 'Databreach', 'Ransomware']",RT @reach2ratan: Oracle Patches Another Actively Exploited WebLogic 0-Day https://t.co/qcUVvnrsZH  #CyberSecurity #Databreach #Ransomware #,torjha2
"['CyberSecurity', 'Databreach']",RT @reach2ratan: New Critical Oracle WebLogic Flaw Under Active Attack  Patch Now https://t.co/ijYcZibnJ2  #CyberSecurity #Databreach #Ran,torjha2
[],"Global Social Media Monitoring Tools Market Size, Growth, Industry Analysis and Forecast 2019 To 2026 | Top Key Pla https://t.co/qZwt5sjpWb",omniron
['InteractiveVideo'],RT @CUIN2forreal: @VerbTech_Co #InteractiveVideo Its happening...interactive video is taking over for static video. @SalesforceOrg @Oracle,GetInEarly
[],Amazon / Kaleido / $link chainlink   Confirmed : Google / Salesforce / Oracle   Soon Microsoft / Swift?   4IR   Ama https://t.co/YYqyqjoW5J,Jojo3121305888
[],"RT @thepacketrat: I like to stay fair and balanced, but I think theres one thing most of us can agree on: f*ck Oracle.    Joint Chiefs CI",ncweaver
[],It's been more than 20 years since we had a core copyrightability case (Star Athletica v. Varsity Brands is differe https://t.co/7knMAy6XCf,Guy_A_Rub
[],RT @CUIN2forreal: @VerbTech_Co High Performance Team - three simple rules. No Excuses - Fail Forward - Do it.  @SAP @SalesforceOrg @Microso,GetInEarly
[],"RT @hacks4pancakes: This is a depressing look into government contract bureaucracy. Oracle looking pretty petty, here. Theres no apparent",andrewdwilliams
[],US clothing retailer @steinmart has selected the @OracleRetail Merchandise Financial Planning Cloud Service to bett https://t.co/kE6itLBuze,RTIH_RetailTech
[],The Romance Angels Oracle Cards Doreen Virtue  ( 37 Bids )  https://t.co/jJPP8NJLNW,Neidro_Rautco
[],Chance wrote a song about his world and ours the day after 45 called for violence against Americans who choose to k https://t.co/gk9jdJ2ZiJ,DavidDark
[],@marcvdc @fedscoop @Oracle Pretty short-sighted of them. If this goes on they will likely get a court ruling that t https://t.co/09LmXEhSWF,brian_mostrom
[],Congratulations to @UNCWMensTennis standout Daniel Groom on being selected to play in the ITA Oracle Masters in Cal https://t.co/fd1Wtkgv9p,UNCWAthletics
[],@GuyGentile The oracle ,iSurfTheTrend
[],Chance wrote a song about his world and ours the day after 45 called for violence against Americans who choose to k https://t.co/9ZNjUe6rrb,DavidDark
"['Oracle', 'Kscope19', 'orclapex']","Setting up Insum booth 506 yesterday, to be ready for all your #Oracle APEX questions duing #Kscope19! #orclapex https://t.co/uLlqTeUE9W",InsumSolutions
[],"RT @Kevmunn: I'm excited for Phantasma Chain main net? 22 racing series launching on PhantasmaChain, coming to Xbox, Playstation and Steam.",shekharmishra51
[],RT @Jojo3121305888: Amazon / Kaleido / $link chainlink   Confirmed : Google / Salesforce / Oracle   Soon Microsoft / Swift?   4IR   Amazing,commanderdata85
[],"@lukaseder I agree, in general, but not 100% of the time. Here's an example of where I'm guilty of this: https://t.co/kyp7vd9qRu",dmcghan
"['security', 'CEOs']",Managing the scope of #security projects is not an easy task. That's why #CEOs and executive boards need to get inv https://t.co/1uE7Q6fYMx,AlansBlakely
[],RT @CUIN2forreal: @VerbTech_Co Tagg Interactive Video provides 600% to 1200% better conversions than static video.  @Microsoft @SAP @GetInE,christicash11
[],"RT @CloudExpo: Oracle to Present Oracle Blockchain and Chainlink June 24-26, 2019 at CloudEXPO Silicon Valley   https://t.co/3572OumCbX  @O",HodlJamie
[],RT @Guy_A_Rub: It's been more than 20 years since we had a core copyrightability case (Star Athletica v. Varsity Brands is different) befor,chris_j_walker
[],"RT @roanbrasil: Hi guys, a friend of mine was approved to be a speaker at Oracle Code One in SFO. He used to work in a farm cutting cane an",prof_isidro
[],"Refresh, hydrate and re-balance with this light texture spritz of moisture, as often as desired.  Shop @BIOeffectUK https://t.co/2VksavfH6q",Skin_Oracle
['bioc2019'],"#bioc2019  the effect on quantification estimates based on the different alignment/mapping methods used on ""real"" d https://t.co/oMdw8Zp2x6",k3yavi
[],"Oracle Application Support Analyst, North West England: Oracle Application Support Analyst  Contract  North West https://t.co/zoSJAdSoIB",St_Helens_Jobs
[],"Oracle Applications Developer, North West England: Oracle Applications Developer  Contract  North West The Oracle https://t.co/jrsdgYwBmb",St_Helens_Jobs
['startups'],Our partner Oracle is helping #startups scale - no matter where they are or what they build. Find out why global fo https://t.co/MxnYORqEfH,StartupGrind
[],"RT @Kevmunn: I'm excited for Phantasma Chain main net? 22 racing series launching on PhantasmaChain, coming to Xbox, Playstation and Steam.",KevinDiFilippo2
[],"RT @tseradin: 06.22.19 Thank you, Oracle Fam!  @derichbognot @thetgueco @Ianianramil @JHAdlcrz https://t.co/q8UEzbwbfw",derichbognot
"['OracleRMS', 'ORMS', 'Oracle', 'MondayMotivation', 'Monday', 'Morning', 'Goals', 'Motivation', 'QOTD']",Good morning Monday!  #OracleRMS #ORMS #Oracle #MondayMotivation #Monday #Morning #Goals #Motivation #QOTD https://t.co/BwyzVHOXuG,OracleRMS
[],"RT @gaylelynds: Congratulatiaons, @PJ_Bodnar.  You are the winner of a brand-new hardcover of THE ORACLE by @CliveCussler_ &amp; @RobinBurcell.",Loudmouthkid62
['startups'],RT:StartupGrind: Our partner Oracle is helping #startups scale - no matter where they are or what they build. Find https://t.co/3RXvzBQfux,petebiggam
[],"RT @roanbrasil: Hi guys, a friend of mine was approved to be a speaker at Oracle Code One in SFO. He used to work in a farm cutting cane an",delley_fx
[],Did you know your users can manipulate Oracle database data straight from Excel? Read the latest issue of the Oracl https://t.co/cOBWDWpydv,stenvesterli
[],RT @Jojo3121305888: Amazon / Kaleido / $link chainlink   Confirmed : Google / Salesforce / Oracle   Soon Microsoft / Swift?   4IR   Amazing,bouboundi
"['cloud', 'azure']",RT @pzerger: How to setup the interconnect between Oracle Cloud Infrastructure and Microsoft Azure https://t.co/92eu5rPUBl #cloud #azure,joseacriado
['care'],"043516-Managing Application Consultant - Oracle HCM Cloud Time and Labor Lead in ,  | Capgemini | https://t.co/gtOScBhNbw #care",CloudyJobs
[],"043517-Managing Applications Consultant - Oracle HCM Cloud Functional HR Core / Workflow / Self Service in ,  | Capgemini | https://cloudyjo",CloudyJobs
[],"Oracle Exadata Database Machine X8 Builds in ML Advances, and Supercharges Performance https://t.co/238E6jYJjf via @korben",gtrauvit
[],"@hacks4pancakes @haroldsmith3rd Sadly, my company is stuck with Oracle until the end of time because of shitty ""Goo https://t.co/Xfj0HIsD5Z",RvLeshrac
[],"RT @AbdulMahmud01: The Great Oracle will be here as long as the gods will his stay in this part of life. There shall be no retreat, no surr",DarlingtonOleru
"['Oracle', 'vulnerability']",RT @TrendMicroRSRCH: The new #Oracle WebLogic zero-day #vulnerability CVE-2019-2729 can be easily exploited by an unauthenticated attacker,pridham
[],"RT @hacks4pancakes: This is a depressing look into government contract bureaucracy. Oracle looking pretty petty, here. Theres no apparent",hacks4pancakes
[],"RT @roanbrasil: Hi guys, a friend of mine was approved to be a speaker at Oracle Code One in SFO. He used to work in a farm cutting cane an",elderjava
"['Exadata', 'X8']",Not only are we celebrating the launch of @Oracles #Exadata Database Machine #X8  but we recently reached our 10 https://t.co/iFVs4DMYsj,MannyKorkodilos
[],Military cloud hosting Oracle AWS intrigue,HongPong
[],RT @fjtorres: THE DAY HAS ARRIVED! Register now for @Oracle 's FY20 Global Partner Kickoff. Join us: June 24 at 17h00 CET &amp; hear from Oracl,olivierfroggy
['first'],"While working for @NASA Greenbelt MD as a contractor [Fairchild Space], Denise Pulliam, designed the #first logical https://t.co/ySwdsdzJDt",iConversations
[],"@da_667 ""Oracle is a terrible company."" ~Our Lord and Savior Linus Torvalds.",sudo_apt_rekt
"['Oracle', 'licensing']",*LAST CHANCE* to sign up for our free webinar on #Oracle #licensing. Start your Oracle new year with some very usef https://t.co/StL7KQT0Cy,SoftlineNE
[],"RT @thepacketrat: I like to stay fair and balanced, but I think theres one thing most of us can agree on: f*ck Oracle.    Joint Chiefs CI",NMcCay
[],Embedding Transformation Data Pipeline into ML Model using Oracle Data Mining https://t.co/WIqgZ2QHht via @odtug https://t.co/1V00LblBte,Orcl_Analytics
[],"RT @hacks4pancakes: This is a depressing look into government contract bureaucracy. Oracle looking pretty petty, here. Theres no apparent",RvLeshrac
[],"RT @Skin_Oracle: Refresh, hydrate and re-balance with this light texture spritz of moisture, as often as desired.  Shop @BIOeffectUK online",BIOeffectUK
"['oracle', 'jobs']","Contract Oracle DBA , Hampshire https://t.co/uacmnZuPHq #oracle #jobs",oraclejobs_whr
['Oracle'],You want to be sure your #Oracle applications are taking full advantage of what SSDs have to offer.  One step is  i https://t.co/bAhcU6241J,ViolinSystems
['OpenJDK'],@Raspberry_Pi Raspbian 'Buster' 2019-06-20   * Oracle Java 7 and 8 replaced with #OpenJDK 11 * Support for Raspberr https://t.co/PsgNTKtOua,xranby
[],"RT @hacks4pancakes: This is a depressing look into government contract bureaucracy. Oracle looking pretty petty, here. Theres no apparent",c4i
[],"What if... The Oracle lied to me, and there really is a Spoon...and I'm so famished because I've been using a Fork for my soup!",BrokenA23645123
['lockheedmartin'],The Art of Tendering: Optimism Bias and Project Failures - https://t.co/H7dnwPhQ4W #lockheedmartin https://t.co/W5aCHwJg1K,PaulEmanuelli1
[],RT @FederalNewsNet: The government and Amazon Web Services laid out arguments last week for why a federal court should reject a bid protest,stannopaleota
[],@AbdulMahmud01 The great Oracle always says it as it is...,injusticeefe
[],RT @haroldsmith3rd: @hacks4pancakes Ive been following like a hawk. The background is crazy. Oracle (supposedly) hired PIs to follow AWS,c4i
"['Oracle', 'EBS']",#Oracle recommends keeping the on-premise #EBS current on your journey to a hybrid cloud approach. Start leveraging https://t.co/LH6rzWin9u,panaya
[],"RT @sladkow: About to drive by Oracle Arena, home of the NBA Champion Toronto Raptors",KevinKkf2
[],Oracle's Steve Miranda on SaaS progress - 'We're comfortable' https://t.co/oerem11HS2,RechargeHR
[],RT @Jojo3121305888: Amazon / Kaleido / $link chainlink   Confirmed : Google / Salesforce / Oracle   Soon Microsoft / Swift?   4IR   Amazing,ivoidw4rranties
[],Millennial conservatives: We exist. | The Oracle https://t.co/FxyTKtOtoI,NewHanoverGOP
[],Last chance to REGISTER!! @Oracle's FY20 Global Partner Kickoff is starting in less than 1 Hour. A great opportunit https://t.co/8l0GSblLfF,AlansBlakely
['CCNA'],"Obtain IT Certifications now for A+/Network+/Security+, Microsoft Office Suite 2016 Specialist, CySA+, CASP+, #CCNA https://t.co/VHQYBdC7nb",CEDSolutions
[],Just one week to submit for  Oracle Groundbreakers EMEA Tour 2019  CfP ends 01-JUL-2019! So enter your submission t https://t.co/R1qOa3Yj3x,RoelH
[],Oracle Jobs in Nigeria for Part-Time and Full-Time2019 https://t.co/vishjdgpBr,csn_team
[],Oracle Jobs in Nigeria for Part-Time and Full-Time2019 https://t.co/JDTjoqkA8F,sirbrightclick
[],"RT @roanbrasil: Hi guys, a friend of mine was approved to be a speaker at Oracle Code One in SFO. He used to work in a farm cutting cane an",OswaldoRMarques
[],An Oracle.,DominicaLStrong
['webdev'],Running Oracle JET as Progressive Web App #webdev https://t.co/9btfH5UYZ5,Be_WebDev
[],Oracle Future Creators: Marcel at Oracle Switzerland https://t.co/jpHFPaC7Zz,BenGreenbergNYC
['RPA'],Take your #RPA strategy from good to great by combining @Oracle Integration and Robotic Process Automation. Discove https://t.co/H1IVyncVMY,OracleCloud
[],"@chetanekwe @krisnoceda @ACSOSheriffs ""security footage from Oracle Arena showed Ujiri hitting the deputy with ""two https://t.co/lalJsdETyi",AlexiIvanov4
[],"Oracle Identity Management Consultant - New York, NY https://t.co/jY5jUCsDZu",intermediagrp
[],I didnt see enough victory laps from Warriors haters,ThePackageJG
[],@rishumehra @TizenProject @Samsung @Windows @Apple @ubuntu That's one of the things I was referring to. The other i https://t.co/m4y87Uibe8,grayvsearth
[],"RT @sladkow: About to drive by Oracle Arena, home of the NBA Champion Toronto Raptors",FreeTown30
[],RT @Jojo3121305888: Amazon / Kaleido / $link chainlink   Confirmed : Google / Salesforce / Oracle   Soon Microsoft / Swift?   4IR   Amazing,Siwyyo
['bbnaija'],The likes of tweet Oracle and co will start coming out from their holes to claim #bbnaija influencer.(I pity people https://t.co/QNVzuy72Xv,kelly_prety
"['Insolar', 'blockchain', 'enterprise']",RT @insolario: #Insolar is heading to London to take part in the @BlockchainHQ along with other #blockchain and #enterprise heavyweights su,mirzerin
[],RT @FranckPachot: I just published Oracle ATP: MEDIUM and HIGH services are not for OLTP https://t.co/8CGggzn5I4,leo_fart
['RPA'],OracleCloud: Take your #RPA strategy from good to great by combining Oracle Integration and Robotic Process Automat https://t.co/fmNEhcp7S8,ShayneLibby
['RPA'],RT @OracleCloud: Take your #RPA strategy from good to great by combining @Oracle Integration and Robotic Process Automation. Discover more:,VolkmarFoelsch
[],RT @DVSWhatItTweets: Do you know how bad things were at Oracle were for decades? A finals game loss isnt so bad in the grand scheme of thi,RunADZ_
[],Virginia Beach VA USA - EPM Consultant - Senior Level - The EPM Consultant - Senior Level is respons: The EPM Consu https://t.co/3FLB3Wufsc,VA_Beach_Jobs
[],"RT @BrokenA23645123: What if... The Oracle lied to me, and there really is a Spoon...and I'm so famished because I've been using a Fork for",Hemp4Victory
[],@_KarateChris 3 out 5 last titles. Naw Oracle went out with a bang champ.,nabeil2009
[],"RT @hacks4pancakes: This is a depressing look into government contract bureaucracy. Oracle looking pretty petty, here. Theres no apparent",ncweaver
[],RT @ThePackageJG: I didnt see enough victory laps from Warriors haters https://t.co/gCDUyUyZiD,ReallyB_30
[],"RT @Wipro: Modernize the core and drive business change with us, leader in the IDC MarketScape: Worldwide for Oracle Implementation Service",KANISHK35200170
"['automotive', 'HPC']",RT @Oracle_ME: The #automotive industry can make cars safer with @Altair_Inc Radioss crash simulation technology on Oracle Cloud #HPC insta,AnasFathihassa2
[],"@thepacketrat @hacks4pancakes Yeah, its amazing what a joke the Oracle pitch is for this, but they seem to want to https://t.co/1S8VvnGFmW",ncweaver
[],"Fi the outgoing oracle, ventured out to Death Mountain and traveled through time",Bot_of_Legends
[],"RT @roanbrasil: Hi guys, a friend of mine was approved to be a speaker at Oracle Code One in SFO. He used to work in a farm cutting cane an",rcmoutinho
[],RT @_KarateChris: Lol I dont think we discuss enough how sad Oracle went out ,BronxprodigyzZz
['BigData'],RT @workinbigdata: Sr. Systems Analyst - Oracle/DB2/SQL - Health Care Service Corporation - [  https://t.co/tIJj0u5zYG ] #BigData #DataSci,thomashilbig2
[],"RT @roanbrasil: Hi guys, a friend of mine was approved to be a speaker at Oracle Code One in SFO. He used to work in a farm cutting cane an",almeidajava
['RPA'],RT @OracleCloud: Take your #RPA strategy from good to great by combining @Oracle Integration and Robotic Process Automation. Discover more:,neil_munslow
[],"@theOutside1 @hacks4pancakes Solaris (with all the amazing stuff in it like zones, crossbow, native built-in rbac), https://t.co/VnVgDmz4RP",fredrichmaney
['RPA'],RT @OracleCloud: Take your #RPA strategy from good to great by combining @Oracle Integration and Robotic Process Automation. Discover more:,SantchiWeb
[],@da_667 As someone dealing with some of their shit products right now. I agree. Fuck Oracle,Tawnie
"['apparel', 'fashion']",Stein Mart Boosts Omni-Channel Growth with Oracle Cloud - Yahoo Finance https://t.co/YqSqau7Jzi #apparel #fashion,clothesbiz
[],RT @SparkNotes: Nobody:  The oracle in a Greek tragedy: https://t.co/HRK90jChGH,oursmmreuphoria
[],"RT @mekakema: @BifolaX @segalink @AMADICHIMA No need to be worried anymore, bro. He was ill. He's doing so much better now. Your concern me",BifolaX
[],https://t.co/5LrwEwwBRi Cuts Hundreds of China Jobs in Restructuring @SixthTone,cbsoupo
['ModernMarketing'],Whisper or Shout? How Lead and Demand Generation Differ  https://t.co/MGRM5yQ71k via @OracleMktgCloud #ModernMarketing,bretsmith_HIP
[],RT @DavidDark: Chance wrote a song about his world and ours the day after 45 called for violence against Americans who choose to kneel duri,chuck_a
[],RT @Guy_A_Rub: It's been more than 20 years since we had a core copyrightability case (Star Athletica v. Varsity Brands is different) befor,lawprofblawg
[],RT @CloudOnboard: @OracleCloud's Business Momentum Makes Us Revise Our Fair Value Estimate Upward via @forbes https://t.co/cSRcIJ33Hz #Orac,AirshipInternet
[],RT @DavidDark: Chance wrote a song about his world and ours the day after 45 called for violence against Americans who choose to kneel duri,joshhurst
[],- Martian Manhunter - The Spectre - John Constantine - Kid Flash (Bart Allen) - Oracle - Silk Spectre (Sally) - Bea https://t.co/Dd98SoDz1n,earth_2
[],RT @ghrd: Querying &amp; binding of named object types in node-oracledb?  We need your bugs.  There is a development preview installable from h,javascriptd
[],"RT @Kevmunn: I'm excited for Phantasma Chain main net? 22 racing series launching on PhantasmaChain, coming to Xbox, Playstation and Steam.",dawgintn
[],"Today's card of the day is Calcite from the Eternal Crystals Oracle Cards by Jade-Sky ""Calcite's message for you is https://t.co/YbdOYjOz1o",MyInspirePlace
[],"RT @sladkow: About to drive by Oracle Arena, home of the NBA Champion Toronto Raptors",TheRealReiner
['databases']," | Did you know @Oracle scores highest in all 4 use cases for operational #databases, as ranked by @Gartner_inc? R https://t.co/uYhdreUTcD",OracleBelux
[],RT @TongueTied25: @_KarateChris Ya'll can discuss it-We straight!! ..Folks that dwell on how Oracle went out? Do so cuz they haven't ever b,_KarateChris
[],RT @nabeil2009: @_KarateChris 3 out 5 last titles. Naw Oracle went out with a bang champ.,_KarateChris
[],Download EBOOK OCE Oracle Database SQL Certified Expert Exam Guide (Exam 1Z0-047) (Oracle Press) -&gt; https://t.co/jSBeLKnI5t,ConnieHollise
[],RT @CUIN2forreal: @VerbTech_Co Tagg Interactive Video provides 600% to 1200% better conversions than static video.  @Microsoft @SAP @GetInE,JonTheMan19
[],"DAILY CARD FOR JUNE 24, 2019 From THE ARCHANGEL ANIMAL ORACLE DECK By DIANE COOPER We ask that the Divine lead us t https://t.co/6Hk0fHwSYX",tri111light
[],Running Oracle JET as Progressive Web App https://t.co/0uxoUjEeBt,JasonBRandell
['Kscope19'],RT @connor_mc_d: Yesterday at the #Kscope19 db symposium we spoke about expensive SQL. Today just after lunch you can take that the next le,opal_EPM
['KScope19'],RT @muthurangnathan: Good Morning #KScope19 - we get into our detailed sessions from today....do join Marc Seewald and me to learn about Co,opal_EPM
[],"@FRAInfoStudent @da_667 If Larry walks away today, commits to a life of philanthropy and boat racing and puts someb https://t.co/915mt1nn0m",wotsac
"['OroValley', 'traffic']","Traffic lights not working, caution in #OroValley on Oracle Rd at Magee Rd #traffic https://t.co/bc4TAizExm",TotalTrafficTUC
[],"RT @DrIsaPantami: Global workforce, 2018.  Amazon: 647,500 Oracle: 137.000 Apple: 132,000 Microsoft: 131,000 Intel: 107,400 Alphabet: 98,77",Ismaila_Saf
"['Oracle', 'vulnerability']","RT @TrendMicroRSRCH: #Oracle published an out-of-band security alert advisory on CVE-2019-2729, a zero-day deserialization #vulnerability i",_cyberboy_
['oracledatabasec'],{date} Oracle 12c: Move datafile feature Until the release https://t.co/1CnCKsGC3b #oracledatabasec,dborcloud
[],Running Oracle JET as Progressive Web App: https://t.co/Bz2hxz7kT4 by Andrejus Baranovskis,mike_francois
[],RT @ipoke__em: I've been in Ghana for 10years.... I completed both SHS and University here in GHANA and I'm now working in a Good company w,osei12
[],-N*ggas that say anything,ClassicManAL
[],RT @_aaronwright: Went out how they deserved https://t.co/sNcC17cftw,_KarateChris
[],AP Oracle Forms /PL SQL https://t.co/Ab6SQRJJEN,EmpleosenEsp
[],RT @_KarateChris: Lol I dont think we discuss enough how sad Oracle went out ,Peso_Marley
['Kscope19'],RT @carolina_dill: Free training in Oracle Analytics Cloud @ https://t.co/tQsyFoZ1Ao and Udemy. #Kscope19 @odtug https://t.co/EQtqg7Ok0I,OracleAnalytics
[],RT @_KarateChris: Lol I dont think we discuss enough how sad Oracle went out ,Jamario44
[],RT @DamarioJay: bUt KlAy WaS InJuREd after they been beatin injured teams for years  https://t.co/g0CFGv3V2V,MoeGoHam
[],And we all roasted him for that it was hella bullshit. But nothing changes the fact that the Oracle went out sad,presidentemoney
[],"RT @ncweaver: @thepacketrat @hacks4pancakes Yeah, its amazing what a joke the Oracle pitch is for this, but they seem to want to win in the",RvLeshrac
"['hyperion', 'kscope19']","Kevin ""The Hulk"" Sharp plans to crush any #hyperion issues companies have @odtug #kscope19. Watch out! https://t.co/i3RNKI0CXb",datavail
[],RT @DamarioJay: bUt KlAy WaS InJuREd after they been beatin injured teams for years  https://t.co/g0CFGv3V2V,presidentemoney
[],RT @KevinMFerrara: @Patti_Sc60 @Serremmy @T_FLgal @AW95NJ @Vasachi @KAG1776MAGA @Sekusa1 @TrumpCat04 @jonz970 @heyitsCarolyn @GeanineC @Bir,CrosbyJenet
[],"RT @MGPham: the family just getting bigger everyday...  ZeLu - I Ching oracle cards. Is a prude. Dolce, righterous, calm. Opposite to KanYu",any_profundum
[],Tears. So powerful.  Keep On tellin is we makin this up,theapologista
[],RT @_KarateChris: Word on the street is Oracle went out with this logo https://t.co/3eupYJQ3Re,skolgang55
[],RT @CUIN2forreal: @VerbTech_Co Get Ready for an exciting Friday! @Digmush @Oracle @Sound_Concepts @SalesforceOrg @VerbTech_Co @GetInEarly @,JonTheMan19
[],The proof I was taught involved having an oracle that said whether a program would terminate or not with a given in https://t.co/FlPinTB6mD,sephdebusser
[],RT @_KarateChris: Lol I dont think we discuss enough how sad Oracle went out ,dexjets
[],RT @injusticeefe: @AbdulMahmud01 The great Oracle always says it as it is...,AbdulMahmud01
"['Insolar', 'blockchain', 'enterprise']",RT @insolario: #Insolar is heading to London to take part in the @BlockchainHQ along with other #blockchain and #enterprise heavyweights su,AndrewCao88
[],Oracle (ORCL:NYS) and CBS (CBS.A:NYS)Upgraded https://t.co/S03W9skYpG https://t.co/rCeborpaF0,stockcalc
[],RT @theapologista: Tears. So powerful.  Keep On tellin is we makin this up https://t.co/1WZtOHXw2e,DavidDark
[],RT @CUIN2forreal: @VerbTech_Co High Performance Team - three simple rules. No Excuses - Fail Forward - Do it.  @SAP @SalesforceOrg @Microso,JonTheMan19
[],@to_laydback I couldnt even say nun it was like talkin yo the Oracle off the matrix like what is your purpose i kn https://t.co/bpF6Yyalfw,DaNecklaceDon
['InteractiveVideo'],RT @CUIN2forreal: @VerbTech_Co #InteractiveVideo Its happening...interactive video is taking over for static video. @SalesforceOrg @Oracle,JonTheMan19
[],"Celebrating 10 years in production, @Oracle has launched the most advanced machine to date - the @OracleExadata Dat https://t.co/U1pDeKNcro",moose1154
[],RT @CUIN2forreal: The healthcare vertical alone will make $VERB a multi billion dollar enterprise.  Add in partnerships with @Microsoft @Ad,JonTheMan19
[],OracleAnalytics: RT carolina_dill: Free training in Oracle Analytics Cloud @ https://t.co/Wm3zp0bn9r and Udemy. https://t.co/GtHa7DmTvm,ShayneLibby
['AI'],Only 11% of CFOs have deployed #AI at scale...why are so many not seizing the AI opportunity? @Oracle's Matt Stirru https://t.co/oebTZdtNtK,Ulf_Koester
[],RT @bailesear:  Are you a graduate?   Are you passionate about nature?    Do you thrive around people?  Do you like a challeng,cathdenholm
[],RT @Guy_A_Rub: It's been more than 20 years since we had a core copyrightability case (Star Athletica v. Varsity Brands is different) befor,JWimsHashway
[],Tears. So powerful.  Keep On tellin us we makin this up,theapologista
[],Oracle ($39.83 billion revenue in 2018) presents 'Oracle blockchain and Chainlink' at CloudEXPO /r/CryptoCurrency https://t.co/HAxeOxkkBr,CryptoNDaily
['SixWordHorrorStory'],RT @jmotivator: We are upgrading Oracle on Saturday #SixWordHorrorStory,lindtigyli
[],Added to my $LINK position. Looks like theyre working with Oracle now too. The Oracle guys will be presenting this https://t.co/O0bnqCpCPw,CryptoMink
[],RT @RSI:  Today: @EngineOrg hosts: Google v Oracle: Why it Matters https://t.co/NjTfSVYkdQ @alisternburg @CCIAnet; Our @charles_duan; @Mar,EngineOrg
[],"RT @Kevmunn: I'm excited for Phantasma Chain main net? 22 racing series launching on PhantasmaChain, coming to Xbox, Playstation and Steam.",banguye37
[],"RT @Villainsdemand: @GeekVibesNation If Jordan played Morpheus, who had to change his appearance much like the Oracle had done, I could get",hwatford
[],"RT @AbdulMahmud01: See, these guys who think they've the repertoire of expletives simply forget that many here are tempered by education an",Temisan_daniels
"['AutonomousDatabase', 'CloudWars']",A look into the success and impact of the Oracle #AutonomousDatabase. Read now via #CloudWars from @bobevansIT: https://t.co/ezrbDmB3OE,Oracle
[],"Tarot &amp; Oracle Reading  . Pick a set of cards for some intuitive insights. Comment your selection below, if you li https://t.co/FJNaaFPwni",VeritasOracle
